{"backgroundColour":"#ffffff","backgroundTransparency":1,"primaryColour":"#b72924","secondaryColour":"#3e24c2","gridSize":100,"colourDensity":0.05,"particleSize":0.6,"speed":1.15,"clarity":0.2,"rotateX":3.141592653589793,"rotateY":0,"rotateZ":3.141592653589793,"positionX":0,"positionY":0,"positionZ":0,"fishModel":1,"cameraRotationX":0.042949665672114536,"cameraRotationY":0.7625601733605112,"cameraRotationZ":-0.029678090583615542,"cameraPositionX":71.19999999999999,"cameraPositionY":-3.2000000000000104,"cameraPositionZ":74.45999999999998,"isMirrored":false,"isCameraMirrored":false}